Timestamp,User Message,Assistant Message,Turn Number,Session ID,Prolific PID
2025-10-22T16:38:48.293Z,"I’d probably pick the ability to learn things instantly. There’s so much I’d love to know, but time’s always the limit. It’d be amazing to dive into any subject and just get it. What would you want to wake up with?","The ability to understand and speak any language fluently would be incredible. It would open up so many opportunities to connect with people from different cultures. Plus, it would make traveling and learning from others much more enriching.",12,session_1761150100021_bo2aqjz68,unknown_pid
2025-10-22T16:38:04.664Z,"Yeah, totally agree. If your mind’s still active, you can find meaning even when things get harder physically. It keeps life interesting. Want to go to the next one—waking up with a new quality or ability?","Sounds good. If you could wake up with a new quality or ability, what would you choose?",11,session_1761150100021_bo2aqjz68,unknown_pid
2025-10-22T16:36:00.858Z,"I’d pick the mind. Staying sharp and curious seems way more important than just looking young. What about you—mind or body?","I'd choose the mind as well. Maintaining a curious and agile mind can enrich experiences and relationships. It seems more essential for a fulfilling life.",10,session_1761150100021_bo2aqjz68,unknown_pid
2025-10-22T16:35:19.544Z,"That sounds really balanced—both stimulating and calm.  Ready for the next one about staying young in mind or body?","Sure, let's dive into that topic. Would you prefer to stay young in mind or in body, and why?",9,session_1761150100021_bo2aqjz68,unknown_pid
2025-10-22T16:34:16.448Z,"Probably something simple—waking up without an alarm, spending the morning outside, maybe hiking or near water. Then good food, time with close friends, and a quiet evening doing something creative. How about you, what would make a day perfect for you?","A perfect day for me would include exploring new places, engaging in thoughtful conversations, and enjoying some downtime with a good book or project. Ending the day with a nice meal and reflection would be ideal. It's the balance of adventure and relaxation that makes it special.",8,session_1761150100021_bo2aqjz68,unknown_pid
2025-10-22T16:33:09.131Z,"Probably something simple—waking up without an alarm, spending the morning outside, maybe hiking or near water. Then good food, time with close friends, and a quiet evening doing something creative.","That sounds really peaceful and fulfilling. Being in nature and spending time with friends can make a day feel complete. Do you often get to enjoy days like that?",7,session_1761150100021_bo2aqjz68,unknown_pid
2025-10-22T16:31:49.631Z,"That’s a solid goal. Giving people tools to learn on their own can really change lives long-term. It’s not flashy, but it actually builds something. Want to jump to the next one about a perfect day?","Sure, let's talk about that. What would your perfect day look like?",6,session_1761150100021_bo2aqjz68,unknown_pid
2025-10-22T16:31:06.403Z,"Probably something around communication or education—helping people understand each other better. What about you—what kind of impact would you want to make?","Helping improve communication and understanding sounds important. I'd probably aim to make an impact by facilitating access to valuable information and resources. Making it easier for people to learn and grow could have a lasting effect.",5,session_1761150100021_bo2aqjz68,unknown_pid
2025-10-22T16:30:16.474Z,"Yeah, that makes sense.","Is there a particular area or field where you'd like to make that impact?",4,session_1761150100021_bo2aqjz68,unknown_pid
2025-10-22T16:29:27.444Z,"I don’t think I’d want to be famous, at least not in the celebrity sense. Maybe known for doing something that genuinely helps people, like writing or building something useful. What about you?","I think being known for making a positive impact sounds rewarding. Fame for something meaningful seems more fulfilling than celebrity status. It's nice to leave a lasting and positive mark.",3,session_1761150100021_bo2aqjz68,unknown_pid
2025-10-22T16:22:04.947Z,"I'm good","Our task is to discuss prompts here. Let’s start with the first one. Would you like to be famous? In what way?",2,session_1761150100021_bo2aqjz68,unknown_pid
2025-10-22T16:21:58.868Z,"hello","Hi, how are you?",1,session_1761150100021_bo2aqjz68,unknown_pid
2025-07-31T14:49:32.064Z,"sladkfj","It seems like there might have been a typo. Can you provide more details or clarify what you meant?",4,session_1753973360506_8okp2ulie,unknown_pid
2025-07-31T14:49:29.148Z,"goo","Could you clarify what you mean by ""goo""? Are you referring to something specific?",3,session_1753973360506_8okp2ulie,unknown_pid
2025-07-31T14:49:26.431Z,"good","Our task is to discuss prompts here. Let’s start with the first one. Would you like to be famous? In what way?",2,session_1753973360506_8okp2ulie,unknown_pid
2025-07-31T14:49:23.737Z,"hello","Hi, how are you?",1,session_1753973360506_8okp2ulie,unknown_pid
2025-07-31T13:44:12.102Z,"good you","Our task is to discuss prompts here. Let’s start with the first one. Would you like to be famous? In what way?",2,session_1753969444551_qu0ptjrwq,unknown_pid
2025-07-31T13:44:08.918Z,"hi","Hi, how are you?",1,session_1753969444551_qu0ptjrwq,unknown_pid
2025-07-31T13:42:40.287Z,"good you","Our task is to discuss prompts here. Let’s start with the first one. Would you like to be famous? In what way?",2,session_1753969352261_5pahxjiy4,unknown_pid
2025-07-31T13:42:36.940Z,"hello","Hi, how are you?",1,session_1753969352261_5pahxjiy4,unknown_pid
2025-07-30T21:08:21.408Z,"ok","Would you like to be famous? If so, in what way?",3,session_1753909689368_030s23a75,test_participant_123
2025-07-30T21:08:18.634Z,"good you","Our task is to discuss prompts here. Let’s start with the first one. Would you like to be famous? In what way?",2,session_1753909689368_030s23a75,test_participant_123
2025-07-30T21:08:14.651Z,"hello","Hi, how are you?",1,session_1753909689368_030s23a75,test_participant_123
2025-07-30T20:51:24.089Z,"ok","Great. Would you like to be famous for something specific, like a talent or a contribution to society?",3,session_1753908671824_e2malqmc5,unknown_pid
2025-07-30T20:51:21.921Z,"good you","Our task is to discuss prompts here. Let’s start with the first one. Would you like to be famous? In what way?",2,session_1753908671824_e2malqmc5,unknown_pid
2025-07-30T20:51:17.789Z,"hello","Hi, how are you?",1,session_1753908671824_e2malqmc5,unknown_pid
2025-07-30T20:38:13.152Z,"you here","Our task is to discuss prompts here. Let’s start with the first one. Would you like to be famous? In what way?",2,session_1753907878670_8juk0fkbh,unknown_pid
2025-07-30T20:38:07.452Z,"are you here","Hi, how are you?",1,session_1753907878670_8juk0fkbh,unknown_pid
2025-07-30T20:15:31.817Z,"good","Our task is to discuss prompts here. Let’s start with the first one. Would you like to be famous? In what way?",2,session_1753906524221_17v7763qu,unknown_pid
2025-07-30T20:15:28.322Z,"hello","Hi, how are you?",1,session_1753906524221_17v7763qu,unknown_pid